-- --------------------------------------------------------
-- Host:                         127.0.0.1
-- Server version:               8.4.6 - MySQL Community Server - GPL
-- Server OS:                    Linux
-- HeidiSQL Version:             12.11.0.7065
-- --------------------------------------------------------

/*!40101 SET @OLD_CHARACTER_SET_CLIENT=@@CHARACTER_SET_CLIENT */;
/*!40101 SET NAMES utf8 */;
/*!50503 SET NAMES utf8mb4 */;
/*!40103 SET @OLD_TIME_ZONE=@@TIME_ZONE */;
/*!40103 SET TIME_ZONE='+00:00' */;
/*!40014 SET @OLD_FOREIGN_KEY_CHECKS=@@FOREIGN_KEY_CHECKS, FOREIGN_KEY_CHECKS=0 */;
/*!40101 SET @OLD_SQL_MODE=@@SQL_MODE, SQL_MODE='NO_AUTO_VALUE_ON_ZERO' */;
/*!40111 SET @OLD_SQL_NOTES=@@SQL_NOTES, SQL_NOTES=0 */;

-- Dumping data for table symfony.category: ~7 rows (approximately)
INSERT INTO `category` (`id`, `name`, `slug`, `is_active`, `created_at`, `updated_at`, `description`, `color`, `icon`) VALUES
	(4, 'Anniversaire', 'anniversaire', 1, '2025-08-17 14:37:06', '2025-08-19 15:25:51', 'Des vannes à sortir juste avant le gâteau. Parfaites pour faire rire toute la table sans plomber les bougies.', 'rgba(254, 252, 1, 0.12)', 'fa-solid fa-cake-candles'),
	(5, 'Saint-Valentin', 'saint-valentin', 1, '2025-08-17 14:55:17', '2025-08-19 15:20:47', 'Traits d’esprit tendres pour briser la glace ou pimenter le tête-à-tête. Romantique, taquin, efficace.', 'rgba(224, 49, 49, 0.12)', 'fa-solid fa-heart'),
	(6, 'Mariage', 'mariage', 1, '2025-08-17 15:16:30', '2025-08-19 15:29:31', 'Blagues bon esprit pour discours, toast ou livre d’or. De quoi faire sourire sans vexer la belle-famille.', 'rgba(132, 94, 247, 0.12)', 'fa-solid fa-ring'),
	(7, 'Bureau', 'bureau', 1, '2025-08-17 15:39:30', '2025-08-19 15:19:50', 'Suffisamment sages pour la machine à café, assez piquants pour décrocher un vrai sourire.', 'rgba(77, 171, 247, 0.12)', 'fa-solid fa-mug-saucer'),
	(8, 'Fête des Mères', 'fete-des-meres', 1, '2025-08-17 16:34:34', '2025-08-19 15:20:05', 'Douces et malines, idéales pour un message attentionné ou un petit toast à maman.', 'rgba(255, 77, 109, 0.12)', 'fa-solid fa-hand-holding-heart'),
	(9, 'Fête des Pères', 'fete-des-peres', 1, '2025-08-17 16:39:42', '2025-08-19 15:27:49', 'Jeux de mots et autodérision “papa-style”, calibrés pour faire rire toute la famille.', 'rgba(56, 217, 169, 0.12)', 'fa-solid fa-user-tie'),
	(10, 'Apéro / Soirée', 'apero-soiree', 1, '2025-08-18 17:05:56', '2025-08-19 15:19:20', 'À dégainer entre deux toasts pour lancer la conversation et chauffer l’ambiance.', 'rgba(255, 168, 36, 0.12)', 'fa-solid fa-champagne-glasses');

-- Dumping data for table symfony.doctrine_migration_versions: ~15 rows (approximately)
INSERT INTO `doctrine_migration_versions` (`version`, `executed_at`, `execution_time`) VALUES
	('DoctrineMigrations\\Version20250812145944', '2025-08-20 15:38:33', 47),
	('DoctrineMigrations\\Version20250812161615', '2025-08-20 15:38:33', 41),
	('DoctrineMigrations\\Version20250812170821', '2025-08-20 15:38:33', 30),
	('DoctrineMigrations\\Version20250812175031', '2025-08-20 15:38:33', 26),
	('DoctrineMigrations\\Version20250813124720', '2025-08-20 15:38:33', 16),
	('DoctrineMigrations\\Version20250813125948', '2025-08-20 15:38:33', 62),
	('DoctrineMigrations\\Version20250813140413', '2025-08-20 15:38:33', 33),
	('DoctrineMigrations\\Version20250816132143', '2025-08-20 15:38:33', 115),
	('DoctrineMigrations\\Version20250817150308', '2025-08-20 15:38:34', 33),
	('DoctrineMigrations\\Version20250818130856', '2025-08-20 15:38:34', 70),
	('DoctrineMigrations\\Version20250819144028', '2025-08-20 15:38:34', 28),
	('DoctrineMigrations\\Version20250819144709', '2025-08-20 15:38:34', -1127),
	('DoctrineMigrations\\Version20250819151335', '2025-08-20 15:38:33', 7),
	('DoctrineMigrations\\Version20250822165413', '2025-08-22 16:54:20', 50),
	('DoctrineMigrations\\Version20250822170735', '2025-08-22 17:07:52', 32);

-- Dumping data for table symfony.joke: ~138 rows (approximately)
INSERT INTO `joke` (`id`, `category_id`, `title`, `body_text`, `language`, `is_active`, `nsfw`, `created_at`, `updated_at`, `price`, `preview_image`, `view_image`, `description`) VALUES
	(157, 4, 'Bougies soufflées', 'Pourquoi les bougies ne vont jamais à l’école ? Parce qu’elles se font toujours souffler !', 'fr', 1, 0, '2025-08-17 15:11:36', '2025-08-17 15:11:36', 0.99, 'preview-joker-birthday-preview-449cbdee-0f00-4973-87eb-e55890d21f5f.png', 'view-joker-birthday-view-e8d7ff4a-6c7d-4b4a-a8de-be8bf6303e50.png', 'Une devinette d’anniversaire qui ne manque pas d’air.'),
	(158, 4, 'Le comble du gâteau', 'Quel est le comble pour un gâteau d’anniversaire ? Se faire couper la parole !', 'fr', 1, 0, '2025-08-17 15:11:36', '2025-08-17 15:11:36', 0.99, 'preview-joker-birthday-preview-449cbdee-0f00-4973-87eb-e55890d21f5f.png', 'view-joker-birthday-view-e8d7ff4a-6c7d-4b4a-a8de-be8bf6303e50.png', 'Un comble sucré à raconter le jour J.'),
	(159, 4, 'Fête mortelle', 'Pourquoi les squelettes ne fêtent jamais leur anniversaire ? Parce qu’ils n’ont personne à inviter !', 'fr', 1, 0, '2025-08-17 15:11:36', '2025-08-17 15:11:36', 0.99, 'preview-joker-birthday-preview-449cbdee-0f00-4973-87eb-e55890d21f5f.png', 'view-joker-birthday-view-e8d7ff4a-6c7d-4b4a-a8de-be8bf6303e50.png', 'Même les squelettes ont leurs petits soucis d’organisation.'),
	(160, 4, 'Bougie retraitée', 'Que fait une bougie à la retraite ? Elle part en fumée !', 'fr', 1, 0, '2025-08-17 15:11:36', '2025-08-17 15:11:36', 0.99, 'preview-joker-birthday-preview-449cbdee-0f00-4973-87eb-e55890d21f5f.png', 'view-joker-birthday-view-e8d7ff4a-6c7d-4b4a-a8de-be8bf6303e50.png', 'Le repos bien mérité d’une bougie de gâteau…'),
	(161, 4, 'Dino blasé', 'Pourquoi les dinosaures n’aiment pas les anniversaires ? Parce qu’ils trouvent ça préhistorique !', 'fr', 1, 0, '2025-08-17 15:11:36', '2025-08-17 15:11:36', 0.99, 'preview-joker-birthday-preview-449cbdee-0f00-4973-87eb-e55890d21f5f.png', 'view-joker-birthday-view-e8d7ff4a-6c7d-4b4a-a8de-be8bf6303e50.png', 'Les fêtes d’anniversaire vues par les dinos.'),
	(162, 4, 'Gâteau en retard', 'Que dit un gâteau en retard ? Désolé, j’ai pris un coup de vieux !', 'fr', 1, 0, '2025-08-17 15:11:36', '2025-08-17 15:11:36', 0.99, 'preview-joker-birthday-preview-449cbdee-0f00-4973-87eb-e55890d21f5f.png', 'view-joker-birthday-view-e8d7ff4a-6c7d-4b4a-a8de-be8bf6303e50.png', 'Quand un gâteau arrive un peu trop tard…'),
	(163, 4, 'Cap des 40 ans', 'C’est quoi le plus dur après 40 ans ? Se souvenir de son âge !', 'fr', 1, 0, '2025-08-17 15:11:36', '2025-08-17 15:11:36', 0.99, 'preview-joker-birthday-preview-449cbdee-0f00-4973-87eb-e55890d21f5f.png', 'view-joker-birthday-view-e8d7ff4a-6c7d-4b4a-a8de-be8bf6303e50.png', 'Une petite réalité qui fait sourire passé la quarantaine.'),
	(164, 4, 'Mot de passe oublié', 'Pourquoi les anniversaires sont comme les mots de passe ? On les oublie toujours au mauvais moment !', 'fr', 1, 0, '2025-08-17 15:11:36', '2025-08-17 15:11:36', 0.99, 'preview-joker-birthday-preview-449cbdee-0f00-4973-87eb-e55890d21f5f.png', 'view-joker-birthday-view-e8d7ff4a-6c7d-4b4a-a8de-be8bf6303e50.png', 'Quand le compteur d’âges fait défaut…'),
	(165, 4, 'Juge-bougies', 'Que dit un trentenaire à son gâteau ? Arrête de me juger avec toutes tes bougies !', 'fr', 1, 0, '2025-08-17 15:11:36', '2025-08-17 15:11:36', 0.99, 'preview-joker-birthday-preview-449cbdee-0f00-4973-87eb-e55890d21f5f.png', 'view-joker-birthday-view-e8d7ff4a-6c7d-4b4a-a8de-be8bf6303e50.png', 'La réaction d’un trentenaire devant son gâteau.'),
	(166, 4, 'Bougie susceptible', 'Pourquoi il ne faut jamais dire son âge à une bougie ? Elle risquerait de fondre de honte !', 'fr', 1, 0, '2025-08-17 15:11:36', '2025-08-17 15:11:36', 0.99, 'preview-joker-birthday-preview-449cbdee-0f00-4973-87eb-e55890d21f5f.png', 'view-joker-birthday-view-e8d7ff4a-6c7d-4b4a-a8de-be8bf6303e50.png', 'Mieux vaut taire certaines informations à la bougie...'),
	(167, 4, 'Coup de jeune', 'Quelle est la meilleure façon de rajeunir à son anniversaire ? Changer de miroir !', 'fr', 1, 0, '2025-08-17 15:11:36', '2025-08-17 15:11:36', 0.99, 'preview-joker-birthday-preview-449cbdee-0f00-4973-87eb-e55890d21f5f.png', 'view-joker-birthday-view-e8d7ff4a-6c7d-4b4a-a8de-be8bf6303e50.png', 'Une astuce de jouvence à tester le jour venu.'),
	(168, 4, 'Piñata discrète', 'Que fait une piñata à l’anniversaire de ses amis ? Elle évite de se faire remarquer…', 'fr', 1, 0, '2025-08-17 15:11:36', '2025-08-17 15:11:36', 0.99, 'preview-joker-birthday-preview-449cbdee-0f00-4973-87eb-e55890d21f5f.png', 'view-joker-birthday-view-e8d7ff4a-6c7d-4b4a-a8de-be8bf6303e50.png', 'L’instinct de survie d’une certaine invitée surprise.'),
	(169, 4, 'Chaussettes emballées', 'Pourquoi les chaussettes n’aiment pas les anniversaires ? Parce qu’elles finissent toujours dans des paquets !', 'fr', 1, 0, '2025-08-17 15:11:36', '2025-08-17 15:11:36', 0.99, 'preview-joker-birthday-preview-449cbdee-0f00-4973-87eb-e55890d21f5f.png', 'view-joker-birthday-view-e8d7ff4a-6c7d-4b4a-a8de-be8bf6303e50.png', 'Une histoire de cadeaux qui ne plaît pas à tout le monde.'),
	(170, 4, 'Guirlandes heureuses', 'Pourquoi les guirlandes sont toujours contentes ? Parce qu’elles sont suspendues au bonheur !', 'fr', 1, 0, '2025-08-17 15:11:36', '2025-08-17 15:11:36', 0.99, 'preview-joker-birthday-preview-449cbdee-0f00-4973-87eb-e55890d21f5f.png', 'view-joker-birthday-view-e8d7ff4a-6c7d-4b4a-a8de-be8bf6303e50.png', 'Le secret du sourire permanent des guirlandes.'),
	(171, 4, 'Gâteau sportif', 'Quel est le sport préféré du gâteau au chocolat ? Le sprint… vers l’assiette !', 'fr', 1, 0, '2025-08-17 15:11:36', '2025-08-17 15:11:36', 0.99, 'preview-joker-birthday-preview-449cbdee-0f00-4973-87eb-e55890d21f5f.png', 'view-joker-birthday-view-e8d7ff4a-6c7d-4b4a-a8de-be8bf6303e50.png', 'Quand un dessert se met à l’athlétisme humoristique.'),
	(172, 4, 'Stars en confettis', 'Pourquoi les confettis sont les stars de la fête ? Parce qu’ils font toujours sensation !', 'fr', 1, 0, '2025-08-17 15:11:36', '2025-08-17 15:11:36', 0.99, 'preview-joker-birthday-preview-449cbdee-0f00-4973-87eb-e55890d21f5f.png', 'view-joker-birthday-view-e8d7ff4a-6c7d-4b4a-a8de-be8bf6303e50.png', 'De petits éléments qui savent mettre l’ambiance.'),
	(173, 4, 'Cerise sur le gâteau', 'Qu’est-ce qu’un anniversaire sans blague ? Un gâteau sans cerise !', 'fr', 1, 0, '2025-08-17 15:11:36', '2025-08-17 15:11:36', 0.99, 'preview-joker-birthday-preview-449cbdee-0f00-4973-87eb-e55890d21f5f.png', 'view-joker-birthday-view-e8d7ff4a-6c7d-4b4a-a8de-be8bf6303e50.png', 'La petite touche qui fait toute la différence dans une fête.'),
	(174, 4, 'Micro blagueur', 'Pourquoi le micro était content à l’anniversaire ? Parce qu’il avait plein de blagues à raconter !', 'fr', 1, 0, '2025-08-17 15:11:36', '2025-08-17 15:11:36', 0.99, 'preview-joker-birthday-preview-449cbdee-0f00-4973-87eb-e55890d21f5f.png', 'view-joker-birthday-view-e8d7ff4a-6c7d-4b4a-a8de-be8bf6303e50.png', 'Un micro très inspiré pendant la fête.'),
	(175, 4, 'Cadeau silencieux', 'Quel est le cadeau le plus silencieux ? Celui qu’on n’ouvre jamais…', 'fr', 1, 0, '2025-08-17 15:11:36', '2025-08-17 15:11:36', 0.99, 'preview-joker-birthday-preview-449cbdee-0f00-4973-87eb-e55890d21f5f.png', 'view-joker-birthday-view-e8d7ff4a-6c7d-4b4a-a8de-be8bf6303e50.png', 'Une devinette à souffler lors de la distribution des présents.'),
	(176, 4, 'Chapeau fatigué', 'Que dit un chapeau de fête en fin de soirée ? J’en ai plein la tête !', 'fr', 1, 0, '2025-08-17 15:11:36', '2025-08-17 15:11:36', 0.99, 'preview-joker-birthday-preview-449cbdee-0f00-4973-87eb-e55890d21f5f.png', 'view-joker-birthday-view-e8d7ff4a-6c7d-4b4a-a8de-be8bf6303e50.png', 'La confession d’un accessoire de fête après minuit.'),
	(177, 5, 'Cœur introuvable', 'Pourquoi les squelettes détestent la Saint-Valentin ? Parce qu’ils n’ont pas de cœur à offrir !', 'fr', 1, 0, '2025-08-17 15:12:08', '2025-08-17 15:12:08', 0.99, 'preview-joker-saint-valentin-preview-3f209d24-09ba-4b9f-b2c6-605833d47d50.png', 'view-joker-saint-valentin-view-4eec2146-dc44-429f-9034-12d999a802e2.png', 'Un amour impossible du point de vue d’un squelette.'),
	(178, 5, 'Batterie sentimentale', 'Que dit un smartphone à son chargeur le 14 février ? « Sans toi, je ne suis rien. »', 'fr', 1, 0, '2025-08-17 15:12:08', '2025-08-17 15:12:08', 0.99, 'preview-joker-saint-valentin-preview-3f209d24-09ba-4b9f-b2c6-605833d47d50.png', 'view-joker-saint-valentin-view-4eec2146-dc44-429f-9034-12d999a802e2.png', 'Même les objets high-tech ont leur mot doux le jour J.'),
	(179, 5, 'Cupidon aux fourneaux', 'Pourquoi Cupidon ne devient-il jamais chef cuisinier ? Parce qu’il rate toujours la cuisson… il est trop occupé à viser des cœurs !', 'fr', 1, 0, '2025-08-17 15:12:08', '2025-08-17 15:12:08', 0.99, 'preview-joker-saint-valentin-preview-3f209d24-09ba-4b9f-b2c6-605833d47d50.png', 'view-joker-saint-valentin-view-4eec2146-dc44-429f-9034-12d999a802e2.png', 'Un petit souci de concentration pour le chef ailé.'),
	(180, 5, 'Cadeau de célibataire', 'Qu’est-ce qu’un célibataire offre pour la Saint-Valentin ? Son Wi-Fi gratuit et sa paix intérieure !', 'fr', 1, 0, '2025-08-17 15:12:08', '2025-08-17 15:12:08', 0.99, 'preview-joker-saint-valentin-preview-3f209d24-09ba-4b9f-b2c6-605833d47d50.png', 'view-joker-saint-valentin-view-4eec2146-dc44-429f-9034-12d999a802e2.png', 'Quand on a l’amour de soi, on partage ce qu’on peut.'),
	(181, 5, 'Amour poissonnel', 'Pourquoi les poissons n’aiment pas la Saint-Valentin ? Parce qu’ils trouvent ça un peu trop “poissonnel”…', 'fr', 1, 0, '2025-08-17 15:12:08', '2025-08-17 15:12:08', 0.99, 'preview-joker-saint-valentin-preview-3f209d24-09ba-4b9f-b2c6-605833d47d50.png', 'view-joker-saint-valentin-view-4eec2146-dc44-429f-9034-12d999a802e2.png', 'Un jeu de mots iodé sur la fête des amoureux.'),
	(182, 5, 'Cupiderman', 'Quel est le super-héros préféré des amoureux ? Cupiderman !', 'fr', 1, 0, '2025-08-17 15:12:08', '2025-08-17 15:12:08', 0.99, 'preview-joker-saint-valentin-preview-3f209d24-09ba-4b9f-b2c6-605833d47d50.png', 'view-joker-saint-valentin-view-4eec2146-dc44-429f-9034-12d999a802e2.png', 'La fusion inattendue entre Cupidon et un héros bien connu.'),
	(183, 5, 'Rêve d’oreiller', 'Que dit un oreiller à un autre oreiller le 14 février ? « Je rêve de toi chaque nuit. »', 'fr', 1, 0, '2025-08-17 15:12:08', '2025-08-17 15:12:08', 0.99, 'preview-joker-saint-valentin-preview-3f209d24-09ba-4b9f-b2c6-605833d47d50.png', 'view-joker-saint-valentin-view-4eec2146-dc44-429f-9034-12d999a802e2.png', 'Même les coussins se font des déclarations le 14 février.'),
	(184, 5, 'Fleurs sensibles', 'Pourquoi les fleurs sont-elles de mauvaises dragueuses ? Parce qu’elles se fanent dès qu’on les ignore !', 'fr', 1, 0, '2025-08-17 15:12:08', '2025-08-17 15:12:08', 0.99, 'preview-joker-saint-valentin-preview-3f209d24-09ba-4b9f-b2c6-605833d47d50.png', 'view-joker-saint-valentin-view-4eec2146-dc44-429f-9034-12d999a802e2.png', 'Une petite vérité florale sur la drague.'),
	(185, 5, 'Espoir déçu', 'Quel est le point commun entre la Saint-Valentin et une réunion de famille ? On y va avec de l’espoir, mais on finit souvent déçu !', 'fr', 1, 0, '2025-08-17 15:12:08', '2025-08-17 15:12:08', 0.99, 'preview-joker-saint-valentin-preview-3f209d24-09ba-4b9f-b2c6-605833d47d50.png', 'view-joker-saint-valentin-view-4eec2146-dc44-429f-9034-12d999a802e2.png', 'Une comparaison espiègle entre deux rassemblements.'),
	(186, 5, 'Chocolats condamnés', 'Pourquoi les chocolats n’aiment-ils pas la Saint-Valentin ? Parce qu’ils savent qu’ils vont se faire croquer !', 'fr', 1, 0, '2025-08-17 15:12:08', '2025-08-17 15:12:08', 0.99, 'preview-joker-saint-valentin-preview-3f209d24-09ba-4b9f-b2c6-605833d47d50.png', 'view-joker-saint-valentin-view-4eec2146-dc44-429f-9034-12d999a802e2.png', 'Les états d’âme sucrés des boîtes de chocolats le 14 février.'),
	(187, 5, 'Amour longue distance', 'Comment appelle-t-on deux amoureux qui s’adorent… mais à distance ? Un couple en “mode avion”.', 'fr', 1, 0, '2025-08-17 15:12:08', '2025-08-17 15:12:08', 0.99, 'preview-joker-saint-valentin-preview-3f209d24-09ba-4b9f-b2c6-605833d47d50.png', 'view-joker-saint-valentin-view-4eec2146-dc44-429f-9034-12d999a802e2.png', 'Une définition moderne pour les couples éloignés.'),
	(188, 5, 'Soirée Sans-Valentin', 'Que fait un célibataire le soir de la Saint-Valentin ? Il fête la “Sans-Valentin” avec une pizza et Netflix en amoureux… avec lui-même.', 'fr', 1, 0, '2025-08-17 15:12:08', '2025-08-17 15:12:08', 0.99, 'preview-joker-saint-valentin-preview-3f209d24-09ba-4b9f-b2c6-605833d47d50.png', 'view-joker-saint-valentin-view-4eec2146-dc44-429f-9034-12d999a802e2.png', 'La stratégie d’un célibataire pour passer la soirée du 14 février.'),
	(189, 5, 'Maths romantiques', 'Pourquoi les maths sont-elles romantiques ? Parce qu’elles ont plein de problèmes à résoudre à deux !', 'fr', 1, 0, '2025-08-17 15:12:08', '2025-08-17 15:12:08', 0.99, 'preview-joker-saint-valentin-preview-3f209d24-09ba-4b9f-b2c6-605833d47d50.png', 'view-joker-saint-valentin-view-4eec2146-dc44-429f-9034-12d999a802e2.png', 'Même les équations apprécient le travail en binôme.'),
	(190, 5, 'Calendrier réaliste', 'Que dit un calendrier à la Saint-Valentin ? « T’inquiète, demain c’est fini. »', 'fr', 1, 0, '2025-08-17 15:12:08', '2025-08-17 15:12:08', 0.99, 'preview-joker-saint-valentin-preview-3f209d24-09ba-4b9f-b2c6-605833d47d50.png', 'view-joker-saint-valentin-view-4eec2146-dc44-429f-9034-12d999a802e2.png', 'Une petite pique temporelle adressée à Cupidon.'),
	(191, 5, 'Amour à crocs', 'Pourquoi les vampires adorent la Saint-Valentin ? Parce que c’est la fête du sang… enfin, de l’amour !', 'fr', 1, 0, '2025-08-17 15:12:08', '2025-08-17 15:12:08', 0.99, 'preview-joker-saint-valentin-preview-3f209d24-09ba-4b9f-b2c6-605833d47d50.png', 'view-joker-saint-valentin-view-4eec2146-dc44-429f-9034-12d999a802e2.png', 'Quand Dracula s’invite dans les histoires d’amour.'),
	(192, 5, 'Perspective consolante', 'Être célibataire à la Saint-Valentin, c’est mieux qu’être orphelin à la Fête des Mères.', 'fr', 1, 0, '2025-08-17 15:12:08', '2025-08-17 15:12:08', 0.99, 'preview-joker-saint-valentin-preview-3f209d24-09ba-4b9f-b2c6-605833d47d50.png', 'view-joker-saint-valentin-view-4eec2146-dc44-429f-9034-12d999a802e2.png', 'Une façon grinçante de relativiser sa situation le 14 février.'),
	(193, 5, 'Fleurs posthumes', 'Ma seule chance d’avoir des fleurs à la Saint-Valentin, c’est de me faire enterrer ce jour-là.', 'fr', 1, 0, '2025-08-17 15:12:08', '2025-08-17 15:12:08', 0.99, 'preview-joker-saint-valentin-preview-3f209d24-09ba-4b9f-b2c6-605833d47d50.png', 'view-joker-saint-valentin-view-4eec2146-dc44-429f-9034-12d999a802e2.png', 'L’humour noir d’un célibataire en manque de bouquet.'),
	(194, 5, 'Conseil zodiacal', 'S’il vous plaît, le jour de la Saint-Valentin, utilisez des préservatifs. Il y a déjà trop de Scorpions.', 'fr', 1, 0, '2025-08-17 15:12:08', '2025-08-17 15:12:08', 0.99, 'preview-joker-saint-valentin-preview-3f209d24-09ba-4b9f-b2c6-605833d47d50.png', 'view-joker-saint-valentin-view-4eec2146-dc44-429f-9034-12d999a802e2.png', 'Un message de service public mêlant amour et astrologie.'),
	(195, 5, 'Calendrier idéal', 'La Saint-Valentin devrait tomber le 29 février : comme ça on la fêterait tous les quatre ans.', 'fr', 1, 0, '2025-08-17 15:12:08', '2025-08-17 15:12:08', 0.99, 'preview-joker-saint-valentin-preview-3f209d24-09ba-4b9f-b2c6-605833d47d50.png', 'view-joker-saint-valentin-view-4eec2146-dc44-429f-9034-12d999a802e2.png', 'Une proposition maligne pour espacer une fête parfois redoutée.'),
	(196, 5, 'Fête ou défaite', 'La Saint-Valentin, c’est la fête des couples… et la défaite des célibataires.', 'fr', 1, 0, '2025-08-17 15:12:08', '2025-08-17 15:12:08', 0.99, 'preview-joker-saint-valentin-preview-3f209d24-09ba-4b9f-b2c6-605833d47d50.png', 'view-joker-saint-valentin-view-4eec2146-dc44-429f-9034-12d999a802e2.png', 'Une réalité amusante pour ceux qui sont seuls en ce jour.'),
	(197, 6, 'Problèmes à deux', 'Le mariage, c’est résoudre à deux des problèmes qu’on n’aurait pas eus tout seul.', 'fr', 1, 0, '2025-08-17 15:22:27', '2025-08-17 15:22:27', 0.99, 'preview-mariage-preview-f4255d9f-959e-4a4c-a65d-b97e5dfcdce6.png', 'view-mariage-view-4ff0c425-a957-44da-88b5-0d004e0d32e6.png', 'La vision lucide d’un duo marié sur leur quotidien.'),
	(198, 6, 'Bonheur 25 ans', 'Ma femme et moi, on a été heureux pendant 25 ans… puis on s’est rencontrés.', 'fr', 1, 0, '2025-08-17 15:22:27', '2025-08-17 15:22:27', 0.99, 'preview-mariage-preview-f4255d9f-959e-4a4c-a65d-b97e5dfcdce6.png', 'view-mariage-view-4ff0c425-a957-44da-88b5-0d004e0d32e6.png', 'Une pointe d’humour sur la vie conjugale avant la rencontre.'),
	(199, 6, 'Belle-mère à avaler', 'Le mariage, ce n’est pas la mer à boire… mais la belle-mère à avaler.', 'fr', 1, 0, '2025-08-17 15:22:27', '2025-08-17 15:22:27', 0.99, 'preview-mariage-preview-f4255d9f-959e-4a4c-a65d-b97e5dfcdce6.png', 'view-mariage-view-4ff0c425-a957-44da-88b5-0d004e0d32e6.png', 'Un proverbe révisé pour jeunes mariés.'),
	(200, 6, 'Bigamie punitive', 'Quelle peine risque-t-on pour bigamie ? Deux belles-mères.', 'fr', 1, 0, '2025-08-17 15:22:27', '2025-08-17 15:22:27', 0.99, 'preview-mariage-preview-f4255d9f-959e-4a4c-a65d-b97e5dfcdce6.png', 'view-mariage-view-4ff0c425-a957-44da-88b5-0d004e0d32e6.png', 'Une sanction imaginaire qui refroidirait plus d’un polygame.'),
	(201, 6, 'Il vécut heureux', 'Un homme demande à une fille : « Veux-tu m’épouser ? » Elle répond : « Non. » Et cet homme vécut heureux le reste de ses jours.', 'fr', 1, 0, '2025-08-17 15:22:27', '2025-08-17 15:22:27', 0.99, 'preview-mariage-preview-f4255d9f-959e-4a4c-a65d-b97e5dfcdce6.png', 'view-mariage-view-4ff0c425-a957-44da-88b5-0d004e0d32e6.png', 'Un conte de fées à l’envers qui fera sourire les invités.'),
	(202, 6, 'Allers-retours frigo-lit', 'Pourquoi les hommes mariés sont-ils plus gros que les célibataires ? Le célibataire ouvre le frigo, ne trouve rien de bon et va se coucher ; l’homme marié ouvre le lit, ne trouve rien de bon et va au frigo.', 'fr', 1, 0, '2025-08-17 15:22:27', '2025-08-17 15:22:27', 0.99, 'preview-mariage-preview-f4255d9f-959e-4a4c-a65d-b97e5dfcdce6.png', 'view-mariage-view-4ff0c425-a957-44da-88b5-0d004e0d32e6.png', 'Une explication cocasse sur la prise de poids après le mariage.'),
	(203, 6, 'Retrouver la vue', 'Si l’amour rend aveugle, le mariage rend la vue.', 'fr', 1, 0, '2025-08-17 15:22:27', '2025-08-17 15:22:27', 0.99, 'preview-mariage-preview-f4255d9f-959e-4a4c-a65d-b97e5dfcdce6.png', 'view-mariage-view-4ff0c425-a957-44da-88b5-0d004e0d32e6.png', 'Une réflexion mordante sur la clairvoyance après le grand jour.'),
	(204, 6, 'Trois années de mariage', 'Première année de mariage : l’homme parle, la femme écoute. Deuxième année : la femme parle, l’homme écoute. Troisième année : les deux parlent et les voisins écoutent.', 'fr', 1, 0, '2025-08-17 15:22:27', '2025-08-17 15:22:27', 0.99, 'preview-mariage-preview-f4255d9f-959e-4a4c-a65d-b97e5dfcdce6.png', 'view-mariage-view-4ff0c425-a957-44da-88b5-0d004e0d32e6.png', 'L’évolution sonore d’un couple au fil des années.'),
	(205, 6, 'Choix assumé', 'Ne vous moquez jamais de votre femme : c’est vous qui l’avez choisie.', 'fr', 1, 0, '2025-08-17 15:22:27', '2025-08-17 15:22:27', 0.99, 'preview-mariage-preview-f4255d9f-959e-4a4c-a65d-b97e5dfcdce6.png', 'view-mariage-view-4ff0c425-a957-44da-88b5-0d004e0d32e6.png', 'Un rappel ironique pour tout mari un peu trop taquin.'),
	(206, 6, 'Dernier mot', 'La femme a toujours le dernier mot. L’homme qui parle après ne fait que commencer une nouvelle dispute.', 'fr', 1, 0, '2025-08-17 15:22:27', '2025-08-17 15:22:27', 0.99, 'preview-mariage-preview-f4255d9f-959e-4a4c-a65d-b97e5dfcdce6.png', 'view-mariage-view-4ff0c425-a957-44da-88b5-0d004e0d32e6.png', 'Une loi non écrite de la communication dans le couple.'),
	(207, 6, 'Bague & corde', 'L’alliance : la bague au doigt, la corde au cou.', 'fr', 1, 0, '2025-08-17 15:22:27', '2025-08-17 15:22:27', 0.99, 'preview-mariage-preview-f4255d9f-959e-4a4c-a65d-b97e5dfcdce6.png', 'view-mariage-view-4ff0c425-a957-44da-88b5-0d004e0d32e6.png', 'Une vision un brin sombre du symbole du mariage.'),
	(208, 6, 'Synchronisation ratée', 'Mon mari et moi avons décidé de ne faire l’amour que quand nous en aurions tous les deux envie. Ça fait six mois qu’on n’a plus rien fait.', 'fr', 1, 0, '2025-08-17 15:22:27', '2025-08-17 15:22:27', 0.99, 'preview-mariage-preview-f4255d9f-959e-4a4c-a65d-b97e5dfcdce6.png', 'view-mariage-view-4ff0c425-a957-44da-88b5-0d004e0d32e6.png', 'Un pacte conjugal qui ne se passe pas tout à fait comme prévu.'),
	(209, 6, 'Jamais couché fâchés', 'Ils ont juré de ne jamais se coucher fâchés… Résultat, ils n’ont pas dormi depuis six mois.', 'fr', 1, 0, '2025-08-17 15:22:27', '2025-08-17 15:22:27', 0.99, 'preview-mariage-preview-f4255d9f-959e-4a4c-a65d-b97e5dfcdce6.png', 'view-mariage-view-4ff0c425-a957-44da-88b5-0d004e0d32e6.png', 'La conséquence imprévue d’une règle d’or conjugale.'),
	(210, 6, 'Cause du divorce', 'Le mariage est la cause numéro 1 du divorce.', 'fr', 1, 0, '2025-08-17 15:22:27', '2025-08-17 15:22:27', 0.99, 'preview-mariage-preview-f4255d9f-959e-4a4c-a65d-b97e5dfcdce6.png', 'view-mariage-view-4ff0c425-a957-44da-88b5-0d004e0d32e6.png', 'Une statistique imparable sur la vie à deux.'),
	(211, 6, 'La règle des trois', 'L’homme propose, la femme dispose… et la belle-mère impose.', 'fr', 1, 0, '2025-08-17 15:22:27', '2025-08-17 15:22:27', 0.99, 'preview-mariage-preview-f4255d9f-959e-4a4c-a65d-b97e5dfcdce6.png', 'view-mariage-view-4ff0c425-a957-44da-88b5-0d004e0d32e6.png', 'La répartition des rôles dans un trio familial haut en couleur.'),
	(212, 6, 'Vengeance offerte', 'Quand un homme te vole ta femme, la meilleure vengeance est de le laisser la garder.', 'fr', 1, 0, '2025-08-17 15:22:27', '2025-08-17 15:22:27', 0.99, 'preview-mariage-preview-f4255d9f-959e-4a4c-a65d-b97e5dfcdce6.png', 'view-mariage-view-4ff0c425-a957-44da-88b5-0d004e0d32e6.png', 'Un conseil malicieux pour un mari délaissé.'),
	(213, 6, 'Femme ange', 'Ma femme est un ange. – Tu en as de la chance, la mienne est toujours en vie.', 'fr', 1, 0, '2025-08-17 15:22:27', '2025-08-17 15:22:27', 0.99, 'preview-mariage-preview-f4255d9f-959e-4a4c-a65d-b97e5dfcdce6.png', 'view-mariage-view-4ff0c425-a957-44da-88b5-0d004e0d32e6.png', 'Un échange à l’humour noir entre maris.'),
	(214, 6, 'Mari archéologue', 'Le meilleur mari qu’une femme puisse avoir, c’est un archéologue : plus elle vieillit, plus il s’intéresse à elle.', 'fr', 1, 0, '2025-08-17 15:22:27', '2025-08-17 15:22:27', 0.99, 'preview-mariage-preview-f4255d9f-959e-4a4c-a65d-b97e5dfcdce6.png', 'view-mariage-view-4ff0c425-a957-44da-88b5-0d004e0d32e6.png', 'Un joli paradoxe qui fait sourire mesdames (et messieurs).'),
	(215, 6, 'Motivations trompeuses', 'Les hommes se marient par fatigue, les femmes par curiosité ; les deux sont déçus.', 'fr', 1, 0, '2025-08-17 15:22:27', '2025-08-17 15:22:27', 0.99, 'preview-mariage-preview-f4255d9f-959e-4a4c-a65d-b97e5dfcdce6.png', 'view-mariage-view-4ff0c425-a957-44da-88b5-0d004e0d32e6.png', 'Une citation piquante sur les attentes différentes de chacun.'),
	(216, 6, 'Avant / après mariage', 'Avant le mariage, on ne quitte pas sa fiancée des yeux ; après, on ne peut plus la voir en peinture.', 'fr', 1, 0, '2025-08-17 15:22:27', '2025-08-17 15:22:27', 0.99, 'preview-mariage-preview-f4255d9f-959e-4a4c-a65d-b97e5dfcdce6.png', 'view-mariage-view-4ff0c425-a957-44da-88b5-0d004e0d32e6.png', 'Un contraste drôlement saisissant entre les fiançailles et la vie maritale.'),
	(217, 7, 'Marché équité', 'Ils font semblant de me payer, je fais semblant de travailler.', 'fr', 1, 0, '2025-08-17 15:39:50', '2025-08-17 15:39:50', 0.99, 'preview-joker-bureau-preview-85af9708-7219-4650-ae9e-3ff10fc38237.png', 'view-joker-bureau-view-6324974e-b9e4-42ba-a5ea-48dcb7c02e88.png', 'La philosophie douteuse d’un employé en fin de mois.'),
	(218, 7, 'Dur et paresseux', 'J’ai travaillé dur pour devenir paresseux.', 'fr', 1, 0, '2025-08-17 15:39:50', '2025-08-17 15:39:50', 0.99, 'preview-joker-bureau-preview-85af9708-7219-4650-ae9e-3ff10fc38237.png', 'view-joker-bureau-view-6324974e-b9e4-42ba-a5ea-48dcb7c02e88.png', 'L’objectif surprenant d’un bosseur repenti.'),
	(219, 7, 'Arbre des chômeurs', 'Quel est l’arbre préféré des chômeurs ? Le bouleau.', 'fr', 1, 0, '2025-08-17 15:39:50', '2025-08-17 15:39:50', 0.99, 'preview-joker-bureau-preview-85af9708-7219-4650-ae9e-3ff10fc38237.png', 'view-joker-bureau-view-6324974e-b9e4-42ba-a5ea-48dcb7c02e88.png', 'Un jeu de mots pour ceux qui cherchent du boulot.'),
	(220, 7, 'Travail au noir', 'Pourquoi dit-on que les poissons travaillent illégalement ? Parce qu’ils n’ont pas de FISH de paie.', 'fr', 1, 0, '2025-08-17 15:39:50', '2025-08-17 15:39:50', 0.99, 'preview-joker-bureau-preview-85af9708-7219-4650-ae9e-3ff10fc38237.png', 'view-joker-bureau-view-6324974e-b9e4-42ba-a5ea-48dcb7c02e88.png', 'Une preuve que même les poissons fraudent un peu.'),
	(221, 7, 'Pause parfumée', 'Que fait un employé de chez Sephora à sa pause clope ? Il parfume.', 'fr', 1, 0, '2025-08-17 15:39:50', '2025-08-17 15:39:50', 0.99, 'preview-joker-bureau-preview-85af9708-7219-4650-ae9e-3ff10fc38237.png', 'view-joker-bureau-view-6324974e-b9e4-42ba-a5ea-48dcb7c02e88.png', 'Un jeu de mot qui fleure bon la récré chez Sephora.'),
	(222, 7, 'Comptable précieux', 'Que dit-on à l’enterrement d’un comptable ? Qu’il comptait beaucoup pour nous.', 'fr', 1, 0, '2025-08-17 15:39:50', '2025-08-17 15:39:50', 0.99, 'preview-joker-bureau-preview-85af9708-7219-4650-ae9e-3ff10fc38237.png', 'view-joker-bureau-view-6324974e-b9e4-42ba-a5ea-48dcb7c02e88.png', 'Un hommage calculé pour un collègue parti trop tôt.'),
	(223, 7, 'Cartes interdites', 'Pourquoi les fonctionnaires ne jouent plus aux cartes ? Parce que le ministre a interdit de jouer pendant les heures de travail.', 'fr', 1, 0, '2025-08-17 15:39:50', '2025-08-17 15:39:50', 0.99, 'preview-joker-bureau-preview-85af9708-7219-4650-ae9e-3ff10fc38237.png', 'view-joker-bureau-view-6324974e-b9e4-42ba-a5ea-48dcb7c02e88.png', 'Une petite pique sur l’oisiveté au bureau.'),
	(224, 7, 'Bonheur au travail', 'Le bonheur au travail, ça existe : ça s’appelle les vacances.', 'fr', 1, 0, '2025-08-17 15:39:50', '2025-08-17 15:39:50', 0.99, 'preview-joker-bureau-preview-85af9708-7219-4650-ae9e-3ff10fc38237.png', 'view-joker-bureau-view-6324974e-b9e4-42ba-a5ea-48dcb7c02e88.png', 'La définition la plus honnête du mot « bonheur » au bureau.'),
	(225, 7, 'Travail d\'équipe', 'Le travail d’équipe, c’est important : ça permet de toujours pouvoir rejeter la faute sur quelqu’un d’autre.', 'fr', 1, 0, '2025-08-17 15:39:50', '2025-08-17 15:39:50', 0.99, 'preview-joker-bureau-preview-85af9708-7219-4650-ae9e-3ff10fc38237.png', 'view-joker-bureau-view-6324974e-b9e4-42ba-a5ea-48dcb7c02e88.png', 'L’un des grands avantages de la collaboration, vu par un malin.'),
	(226, 7, 'Statistique frappante', '3% des accidents du travail sont dus à l’alcool. Donc 97% des accidents sont causés par ceux qui boivent de l’eau.', 'fr', 1, 0, '2025-08-17 15:39:50', '2025-08-17 15:39:50', 0.99, 'preview-joker-bureau-preview-85af9708-7219-4650-ae9e-3ff10fc38237.png', 'view-joker-bureau-view-6324974e-b9e4-42ba-a5ea-48dcb7c02e88.png', 'Une lecture insolite des chiffres de la sécurité au travail.'),
	(227, 7, 'Retard ou avance', 'Quelqu’un qui arrive en retard est un fainéant. Quelqu’un qui part en avance, c’est un pionnier.', 'fr', 1, 0, '2025-08-17 15:39:50', '2025-08-17 15:39:50', 0.99, 'preview-joker-bureau-preview-85af9708-7219-4650-ae9e-3ff10fc38237.png', 'view-joker-bureau-view-6324974e-b9e4-42ba-a5ea-48dcb7c02e88.png', 'Une manière positive de voir les horaires flexibles.'),
	(228, 7, 'Principe de précaution', 'Travailler n’a jamais tué personne, mais pourquoi prendre le risque ?', 'fr', 1, 0, '2025-08-17 15:39:50', '2025-08-17 15:39:50', 0.99, 'preview-joker-bureau-preview-85af9708-7219-4650-ae9e-3ff10fc38237.png', 'view-joker-bureau-view-6324974e-b9e4-42ba-a5ea-48dcb7c02e88.png', 'Le dicton favori des allergiques au travail.'),
	(229, 7, 'Plan de carrière', 'Je cherche un travail bien payé où je ne fais rien. Mon conseiller m’a dit d’essayer ministre.', 'fr', 1, 0, '2025-08-17 15:39:50', '2025-08-17 15:39:50', 0.99, 'preview-joker-bureau-preview-85af9708-7219-4650-ae9e-3ff10fc38237.png', 'view-joker-bureau-view-6324974e-b9e4-42ba-a5ea-48dcb7c02e88.png', 'Une suggestion de reconversion pleine d’ironie.'),
	(230, 7, 'Réunionite', 'Une réunion, c’est une perte de temps qui se fait à plusieurs.', 'fr', 1, 0, '2025-08-17 15:39:50', '2025-08-17 15:39:50', 0.99, 'preview-joker-bureau-preview-85af9708-7219-4650-ae9e-3ff10fc38237.png', 'view-joker-bureau-view-6324974e-b9e4-42ba-a5ea-48dcb7c02e88.png', 'La vérité brutale sur certaines séances de travail.'),
	(231, 7, 'Santé préservée', 'Le travail, c’est la santé… alors, pour rester en forme, rien faire c’est la conserver !', 'fr', 1, 0, '2025-08-17 15:39:50', '2025-08-17 15:39:50', 0.99, 'preview-joker-bureau-preview-85af9708-7219-4650-ae9e-3ff10fc38237.png', 'view-joker-bureau-view-6324974e-b9e4-42ba-a5ea-48dcb7c02e88.png', 'Une approche décomplexée de la prévention en entreprise.'),
	(232, 7, 'Robinson du lundi', 'Le lundi au boulot, je me prends pour Robinson Crusoé : j’attends Vendredi.', 'fr', 1, 0, '2025-08-17 15:39:50', '2025-08-17 15:39:50', 0.99, 'preview-joker-bureau-preview-85af9708-7219-4650-ae9e-3ff10fc38237.png', 'view-joker-bureau-view-6324974e-b9e4-42ba-a5ea-48dcb7c02e88.png', 'Le sentiment hebdomadaire de tous les naufragés du week-end.'),
	(233, 7, 'Travail écologique', 'Je fais un travail écologique : je ne fiche rien, comme ça j’économise mon énergie.', 'fr', 1, 0, '2025-08-17 15:39:50', '2025-08-17 15:39:50', 0.99, 'preview-joker-bureau-preview-85af9708-7219-4650-ae9e-3ff10fc38237.png', 'view-joker-bureau-view-6324974e-b9e4-42ba-a5ea-48dcb7c02e88.png', 'Quand la paresse devient un geste pour la planète.'),
	(234, 7, 'Mode éco', 'Je ne suis pas paresseux, je suis en mode économie d’énergie.', 'fr', 1, 0, '2025-08-17 15:39:50', '2025-08-17 15:39:50', 0.99, 'preview-joker-bureau-preview-85af9708-7219-4650-ae9e-3ff10fc38237.png', 'view-joker-bureau-view-6324974e-b9e4-42ba-a5ea-48dcb7c02e88.png', 'Une excuse high-tech pour justifier un petit coup de mou.'),
	(235, 7, 'Option sommeil', 'Travailler plus pour gagner plus ? J’ai choisi : dormir plus.', 'fr', 1, 0, '2025-08-17 15:39:50', '2025-08-17 15:39:50', 0.99, 'preview-joker-bureau-preview-85af9708-7219-4650-ae9e-3ff10fc38237.png', 'view-joker-bureau-view-6324974e-b9e4-42ba-a5ea-48dcb7c02e88.png', 'La devise personnelle d’un employé qui préfère rêver.'),
	(236, 7, 'Zéro erreur', 'Qui ne fait rien ne se trompe jamais… Moi, j’aime ce principe.', 'fr', 1, 0, '2025-08-17 15:39:50', '2025-08-17 15:39:50', 0.99, 'preview-joker-bureau-preview-85af9708-7219-4650-ae9e-3ff10fc38237.png', 'view-joker-bureau-view-6324974e-b9e4-42ba-a5ea-48dcb7c02e88.png', 'La philosophie infaillible de celui qui préfère l’immobilisme.'),
	(237, 8, 'Rien de perdu', 'Rien n’est vraiment perdu jusqu’à ce que maman ne puisse pas le trouver.', 'fr', 1, 0, '2025-08-17 16:34:51', '2025-08-17 16:34:51', 0.99, 'preview-fete-des-mere-preview-ceaa2ce5-341d-45b9-aa8a-e6b356f33179.png', 'view-fete-des-mere-view-f4b3f5ee-3da3-4a12-a894-00a8b37df595.png', 'Le flair infaillible d’une maman pour retrouver n’importe quoi.'),
	(238, 8, 'Voix autoritaire', 'La voix de ma mère est si forte que même mes voisins se brossent les dents et se mettent au lit.', 'fr', 1, 0, '2025-08-17 16:34:51', '2025-08-17 16:34:51', 0.99, 'preview-fete-des-mere-preview-ceaa2ce5-341d-45b9-aa8a-e6b356f33179.png', 'view-fete-des-mere-view-f4b3f5ee-3da3-4a12-a894-00a8b37df595.png', 'Une preuve que les pouvoirs de maman dépassent les murs de la maison.'),
	(239, 8, 'Maman prévoyante', 'Les bonnes mamans te laissent lécher la pâte sur le batteur... les meilleures l’éteignent d’abord.', 'fr', 1, 0, '2025-08-17 16:34:51', '2025-08-17 16:34:51', 0.99, 'preview-fete-des-mere-preview-ceaa2ce5-341d-45b9-aa8a-e6b356f33179.png', 'view-fete-des-mere-view-f4b3f5ee-3da3-4a12-a894-00a8b37df595.png', 'Une distinction capitale entre deux styles d’éducation.'),
	(240, 8, 'Légumes vs papy', '– Maman, j’aime pas grand-père ! – Ça ne fait rien : pousse-le sur le bord de l’assiette et mange tes haricots !', 'fr', 1, 0, '2025-08-17 16:34:51', '2025-08-17 16:34:51', 0.99, 'preview-fete-des-mere-preview-ceaa2ce5-341d-45b9-aa8a-e6b356f33179.png', 'view-fete-des-mere-view-f4b3f5ee-3da3-4a12-a894-00a8b37df595.png', 'Une technique radicale pour finir son assiette.'),
	(241, 8, 'La meilleure fille', 'Fille : « Maman, ça fait quoi d’avoir la meilleure fille du monde ? » – Maman : « Je ne sais pas, ma chérie, tu devrais demander à grand-mère. »', 'fr', 1, 0, '2025-08-17 16:34:51', '2025-08-17 16:34:51', 0.99, 'preview-fete-des-mere-preview-ceaa2ce5-341d-45b9-aa8a-e6b356f33179.png', 'view-fete-des-mere-view-f4b3f5ee-3da3-4a12-a894-00a8b37df595.png', 'Quand maman a plus d’un tour dans son sac pour garder les pieds sur terre.'),
	(242, 8, 'Pull définition', 'Définition du mot « pull » : « Quelque chose que vous portez lorsque votre mère a froid. »', 'fr', 1, 0, '2025-08-17 16:34:51', '2025-08-17 16:34:51', 0.99, 'preview-fete-des-mere-preview-ceaa2ce5-341d-45b9-aa8a-e6b356f33179.png', 'view-fete-des-mere-view-f4b3f5ee-3da3-4a12-a894-00a8b37df595.png', 'Un dictionnaire maternel plein de vérité.'),
	(243, 8, 'Bébé marathonien', 'Une maman dit à sa voisine : – Ça fait bientôt trois mois que mon bébé marche. – Eh bien, il doit être loin maintenant !', 'fr', 1, 0, '2025-08-17 16:34:51', '2025-08-17 16:34:51', 0.99, 'preview-fete-des-mere-preview-ceaa2ce5-341d-45b9-aa8a-e6b356f33179.png', 'view-fete-des-mere-view-f4b3f5ee-3da3-4a12-a894-00a8b37df595.png', 'Un quiproquo charmant entre jeunes mamans.'),
	(244, 8, 'Soin et réconfort', 'J’ai demandé à ma mère ce qu’elle voulait pour la Fête des Mères. Elle m’a dit : « Un peu de soin et de réconfort ». Alors je l’ai mise dans une maison de repos.', 'fr', 1, 0, '2025-08-17 16:34:51', '2025-08-17 16:34:51', 0.99, 'preview-fete-des-mere-preview-ceaa2ce5-341d-45b9-aa8a-e6b356f33179.png', 'view-fete-des-mere-view-f4b3f5ee-3da3-4a12-a894-00a8b37df595.png', 'Un cadeau de Fête des Mères pris beaucoup trop au pied de la lettre.'),
	(245, 8, 'Cheveux blancs', '« Maman, pourquoi certains de tes cheveux sont blancs ? » – « Eh bien, chaque fois que tu fais quelque chose qui me rend triste ou en colère, un de mes cheveux blanchit. » – « Maman, comment ça se fait que tous les cheveux de mamie sont blancs ? »', 'fr', 1, 0, '2025-08-17 16:34:51', '2025-08-17 16:34:51', 0.99, 'preview-fete-des-mere-preview-ceaa2ce5-341d-45b9-aa8a-e6b356f33179.png', 'view-fete-des-mere-view-f4b3f5ee-3da3-4a12-a894-00a8b37df595.png', 'Une logique enfantine qui retourne une leçon maternelle.'),
	(246, 8, 'Nom complet', 'Comment les enfants savent-ils que leur mère est fâchée contre eux ? Quand elle utilise leur nom complet.', 'fr', 1, 0, '2025-08-17 16:34:51', '2025-08-17 16:34:51', 0.99, 'preview-fete-des-mere-preview-ceaa2ce5-341d-45b9-aa8a-e6b356f33179.png', 'view-fete-des-mere-view-f4b3f5ee-3da3-4a12-a894-00a8b37df595.png', 'Le signal d’alarme ultime pour tout enfant un peu coupable.'),
	(247, 8, 'Maman kangourou', 'Pourquoi les mamans kangourous détestent-elles les jours de pluie ? Parce que leurs enfants doivent jouer à l’intérieur !', 'fr', 1, 0, '2025-08-17 16:34:51', '2025-08-17 16:34:51', 0.99, 'preview-fete-des-mere-preview-ceaa2ce5-341d-45b9-aa8a-e6b356f33179.png', 'view-fete-des-mere-view-f4b3f5ee-3da3-4a12-a894-00a8b37df595.png', 'Même la météo influe sur l’organisation des mamans marsupiales.'),
	(248, 8, 'Maman araignée', 'Qu’est-ce que la maman araignée a dit au bébé araignée ? – Tu passes trop de temps sur la toile.', 'fr', 1, 0, '2025-08-17 16:34:51', '2025-08-17 16:34:51', 0.99, 'preview-fete-des-mere-preview-ceaa2ce5-341d-45b9-aa8a-e6b356f33179.png', 'view-fete-des-mere-view-f4b3f5ee-3da3-4a12-a894-00a8b37df595.png', 'Quand une maman invertébrée déplore l’addiction de son petit.'),
	(249, 8, 'Enfant gourmand', '« Maman, je voudrais du chocolat. » – « Je viens de te donner un gros morceau. » – « Oui mais je voulais un petit morceau… »', 'fr', 1, 0, '2025-08-17 16:34:51', '2025-08-17 16:34:51', 0.99, 'preview-fete-des-mere-preview-ceaa2ce5-341d-45b9-aa8a-e6b356f33179.png', 'view-fete-des-mere-view-f4b3f5ee-3da3-4a12-a894-00a8b37df595.png', 'Les caprices gustatifs d’un petit qui sait ce qu’il veut.'),
	(250, 8, 'Grandes oreilles', 'Un enfant rentre de l’école et dit : – Maman, à l’école tout le monde me dit que j’ai de grandes oreilles ! – Mais non, mon lapin…', 'fr', 1, 0, '2025-08-17 16:34:51', '2025-08-17 16:34:51', 0.99, 'preview-fete-des-mere-preview-ceaa2ce5-341d-45b9-aa8a-e6b356f33179.png', 'view-fete-des-mere-view-f4b3f5ee-3da3-4a12-a894-00a8b37df595.png', 'Une réponse maternelle pleine de tendresse... ou pas.'),
	(251, 8, 'Là-bas', '– Maman, je me suis fait mal ! – Où ça ? – Là-bas.', 'fr', 1, 0, '2025-08-17 16:34:51', '2025-08-17 16:34:51', 0.99, 'preview-fete-des-mere-preview-ceaa2ce5-341d-45b9-aa8a-e6b356f33179.png', 'view-fete-des-mere-view-f4b3f5ee-3da3-4a12-a894-00a8b37df595.png', 'La géographie toute personnelle d’un petit bobo.'),
	(252, 8, 'Cascade à vélo', 'Un enfant fait du vélo : – Regarde maman, sans les pieds ! – Regarde maman, sans les mains ! *Boum* – Regarde maman, sans les dents…', 'fr', 1, 0, '2025-08-17 16:34:51', '2025-08-17 16:34:51', 0.99, 'preview-fete-des-mere-preview-ceaa2ce5-341d-45b9-aa8a-e6b356f33179.png', 'view-fete-des-mere-view-f4b3f5ee-3da3-4a12-a894-00a8b37df595.png', 'Les exploits d’un apprenti cycliste qui finit mal.'),
	(253, 8, 'Tarif réduit', 'Dans un bus, une maman chuchote à sa fille de 5 ans : « Dis que tu as 9 ans pour payer moins cher. » Le chauffeur demande à l’enfant : – Quel âge as-tu ? – 9 ans, monsieur. – Et quand auras-tu 10 ans ? – À la sortie du bus.', 'fr', 1, 0, '2025-08-17 16:34:51', '2025-08-17 16:34:51', 0.99, 'preview-fete-des-mere-preview-ceaa2ce5-341d-45b9-aa8a-e6b356f33179.png', 'view-fete-des-mere-view-f4b3f5ee-3da3-4a12-a894-00a8b37df595.png', 'L’innocence enfantine face aux petits stratagèmes des parents.'),
	(254, 8, 'Doute adoptif', '– Maman, est-ce que vous m\'avez adopté ? – Tu crois vraiment que c’est toi qu’on aurait choisi ?', 'fr', 1, 0, '2025-08-17 16:34:51', '2025-08-17 16:34:51', 0.99, 'preview-fete-des-mere-preview-ceaa2ce5-341d-45b9-aa8a-e6b356f33179.png', 'view-fete-des-mere-view-f4b3f5ee-3da3-4a12-a894-00a8b37df595.png', 'Une réponse maternelle terriblement cash (et humoristique).'),
	(255, 8, 'Café de Mamie', 'Pourquoi Grand-Mère fait toujours du bon café ? Parce qu’elle n’a plus que ça à faire.', 'fr', 1, 0, '2025-08-17 16:34:51', '2025-08-17 16:34:51', 0.99, 'preview-fete-des-mere-preview-ceaa2ce5-341d-45b9-aa8a-e6b356f33179.png', 'view-fete-des-mere-view-f4b3f5ee-3da3-4a12-a894-00a8b37df595.png', 'Une explication taquine du secret du café de mamie.'),
	(256, 8, 'Maman moustique', 'Une maman moustique à ses petits : – Ne vous approchez jamais des humains, ils essaieront de vous tuer. – C’est faux maman, hier soir un homme a passé la nuit à m’applaudir.', 'fr', 1, 0, '2025-08-17 16:34:51', '2025-08-17 16:34:51', 0.99, 'preview-fete-des-mere-preview-ceaa2ce5-341d-45b9-aa8a-e6b356f33179.png', 'view-fete-des-mere-view-f4b3f5ee-3da3-4a12-a894-00a8b37df595.png', 'La petite anecdote d’un moustique à sa mère (et vice versa).'),
	(257, 9, 'Coup de fil', 'Le maître au téléphone : – Vous dites que Michel est enrhumé et ne viendra pas aujourd’hui. À qui ai-je l’honneur ? – (Au bout du fil) C’est mon père !', 'fr', 1, 0, '2025-08-17 16:40:01', '2025-08-17 16:40:01', 0.99, 'preview-fete-des-peres-preview-352f4770-6590-43bf-8329-fe618496b38d.png', 'view-fete-des-pere-view-8b076e75-ae95-43e7-a00b-cbb6f96bad70.png', 'La combine d’un élève malade… ou plutôt malicieux.'),
	(258, 9, 'Carnet prêté', '– Fais voir ton carnet de notes ! – Je ne l’ai pas… Je l’ai prêté à un copain pour faire peur à ses parents.', 'fr', 1, 0, '2025-08-17 16:40:01', '2025-08-17 16:40:01', 0.99, 'preview-fete-des-peres-preview-352f4770-6590-43bf-8329-fe618496b38d.png', 'view-fete-des-pere-view-8b076e75-ae95-43e7-a00b-cbb6f96bad70.png', 'Une stratégie d’élève pour dédramatiser ses notes.'),
	(259, 9, 'Point d’ébullition', 'À quel moment le point d’ébullition est-il atteint ? Quand Papa verra mon carnet de notes !', 'fr', 1, 0, '2025-08-17 16:40:01', '2025-08-17 16:40:01', 0.99, 'preview-fete-des-peres-preview-352f4770-6590-43bf-8329-fe618496b38d.png', 'view-fete-des-pere-view-8b076e75-ae95-43e7-a00b-cbb6f96bad70.png', 'Une devinette qui fait monter la pression (parentale).'),
	(260, 9, 'Marchandage', 'Un fils dit à son père : – Si tu me donnes 30€, je serai sage. – À ton âge, j’étais sage gratuitement.', 'fr', 1, 0, '2025-08-17 16:40:01', '2025-08-17 16:40:01', 0.99, 'preview-fete-des-peres-preview-352f4770-6590-43bf-8329-fe618496b38d.png', 'view-fete-des-pere-view-8b076e75-ae95-43e7-a00b-cbb6f96bad70.png', 'Une tentative d’extorsion vite douchée par la mémoire paternelle.'),
	(261, 9, 'Papa esquimau', 'Comment appelle-t-on un père qui tombe sur la glace ? Un esquimau.', 'fr', 1, 0, '2025-08-17 16:40:01', '2025-08-17 16:40:01', 0.99, 'preview-fete-des-peres-preview-352f4770-6590-43bf-8329-fe618496b38d.png', 'view-fete-des-pere-view-8b076e75-ae95-43e7-a00b-cbb6f96bad70.png', 'Un jeu de mots givré pour les papas maladroits.'),
	(262, 9, 'Sport de plage', 'Comment les pères font-ils du sport sur la plage ? En rentrant leur ventre quand ils voient un bikini !', 'fr', 1, 0, '2025-08-17 16:40:01', '2025-08-17 16:40:01', 0.99, 'preview-fete-des-peres-preview-352f4770-6590-43bf-8329-fe618496b38d.png', 'view-fete-des-pere-view-8b076e75-ae95-43e7-a00b-cbb6f96bad70.png', 'L’entraînement intensif de papa sur la plage en été.'),
	(263, 9, 'Coût du mariage', '– Papa, combien faut-il payer pour se marier ? – Difficile à dire, mon fils. Personnellement, je paie encore.', 'fr', 1, 0, '2025-08-17 16:40:01', '2025-08-17 16:40:01', 0.99, 'preview-fete-des-peres-preview-352f4770-6590-43bf-8329-fe618496b38d.png', 'view-fete-des-pere-view-8b076e75-ae95-43e7-a00b-cbb6f96bad70.png', 'Quand papa donne une réponse très personnelle sur le mariage.'),
	(264, 9, 'Même âge', 'Quel âge a ton père ? – Le même que moi. – C’est impossible ! – Il n’est devenu père que quand je suis né.', 'fr', 1, 0, '2025-08-17 16:40:01', '2025-08-17 16:40:01', 0.99, 'preview-fete-des-peres-preview-352f4770-6590-43bf-8329-fe618496b38d.png', 'view-fete-des-pere-view-8b076e75-ae95-43e7-a00b-cbb6f96bad70.png', 'Une logique imparable qui laisse l’auditoire sans voix.'),
	(265, 9, 'Papa parking', 'Pourquoi les pères sont-ils comme les places de parking ? C’est facile, tous les bons sont déjà pris.', 'fr', 1, 0, '2025-08-17 16:40:01', '2025-08-17 16:40:01', 0.99, 'preview-fete-des-peres-preview-352f4770-6590-43bf-8329-fe618496b38d.png', 'view-fete-des-pere-view-8b076e75-ae95-43e7-a00b-cbb6f96bad70.png', 'Une comparaison espiègle sur la rareté des perles rares.'),
	(266, 9, 'Crise de milieu de vie', 'Pourquoi certains pères font-ils une crise de la quarantaine ? Parce qu’ils sont restés coincés dans leur adolescence !', 'fr', 1, 0, '2025-08-17 16:40:01', '2025-08-17 16:40:01', 0.99, 'preview-fete-des-peres-preview-352f4770-6590-43bf-8329-fe618496b38d.png', 'view-fete-des-pere-view-8b076e75-ae95-43e7-a00b-cbb6f96bad70.png', 'L’explication désobligeante d’un ado sur son père en crise.'),
	(267, 9, 'Papa magicien', '– Que fait ton père dans la vie ? – Il est magicien et il scie des gens. – Ah bon… Et tu as des frères et sœurs ? – Oui, 4 demi-sœurs et un demi-frère.', 'fr', 1, 0, '2025-08-17 16:40:01', '2025-08-17 16:40:01', 0.99, 'preview-fete-des-peres-preview-352f4770-6590-43bf-8329-fe618496b38d.png', 'view-fete-des-pere-view-8b076e75-ae95-43e7-a00b-cbb6f96bad70.png', 'Une astuce de réponse qui coupe les questions trop curieuses.'),
	(268, 9, 'Salut Soif', '– Papa, j’ai soif ! – Enchanté Soif, moi c’est Papa.', 'fr', 1, 0, '2025-08-17 16:40:01', '2025-08-17 16:40:01', 0.99, 'preview-fete-des-peres-preview-352f4770-6590-43bf-8329-fe618496b38d.png', 'view-fete-des-pere-view-8b076e75-ae95-43e7-a00b-cbb6f96bad70.png', 'Le grand classique des jeux de mots paternels.'),
	(269, 9, 'Maison anti-enfant', 'J’ai passé beaucoup de temps, d’argent et d’efforts à protéger ma maison contre les enfants… mais ils entrent quand même.', 'fr', 1, 0, '2025-08-17 16:40:01', '2025-08-17 16:40:01', 0.99, 'preview-fete-des-peres-preview-352f4770-6590-43bf-8329-fe618496b38d.png', 'view-fete-des-pere-view-8b076e75-ae95-43e7-a00b-cbb6f96bad70.png', 'L’amère constatation d’un papa malgré tous ses efforts.'),
	(270, 9, 'Papa de l’année', 'Le papa de l’année, c’est celui qui dit toujours oui et qui ne contrarie jamais maman.', 'fr', 1, 0, '2025-08-17 16:40:01', '2025-08-17 16:40:01', 0.99, 'preview-fete-des-peres-preview-352f4770-6590-43bf-8329-fe618496b38d.png', 'view-fete-des-pere-view-8b076e75-ae95-43e7-a00b-cbb6f96bad70.png', 'Le secret (presque) sûr pour obtenir le trophée du meilleur papa.'),
	(271, 9, 'Ceinture horaire', 'J’ai dit à Papa que j’allais lui fabriquer une ceinture avec de vieilles montres. Il a répondu : « C’est une perte de temps. »', 'fr', 1, 0, '2025-08-17 16:40:01', '2025-08-17 16:40:01', 0.99, 'preview-fete-des-peres-preview-352f4770-6590-43bf-8329-fe618496b38d.png', 'view-fete-des-pere-view-8b076e75-ae95-43e7-a00b-cbb6f96bad70.png', 'L’esprit tranchant de Papa même face aux projets brico.'),
	(272, 9, 'Blague en chantier', 'J’ai demandé à mon père s’il avait des blagues sur la construction. Il m’a dit : « J’y travaille toujours. »', 'fr', 1, 0, '2025-08-17 16:40:01', '2025-08-17 16:40:01', 0.99, 'preview-fete-des-peres-preview-352f4770-6590-43bf-8329-fe618496b38d.png', 'view-fete-des-pere-view-8b076e75-ae95-43e7-a00b-cbb6f96bad70.png', 'Une réponse en béton armé d’humour.'),
	(273, 9, 'La meilleure blague', 'J’ai demandé à mon père quelle était sa meilleure blague de papa. Il a répondu : « Toi. »', 'fr', 1, 0, '2025-08-17 16:40:01', '2025-08-17 16:40:01', 0.99, 'preview-fete-des-peres-preview-352f4770-6590-43bf-8329-fe618496b38d.png', 'view-fete-des-pere-view-8b076e75-ae95-43e7-a00b-cbb6f96bad70.png', 'Compliment ou taquinerie ? Papa laisse planer le doute.'),
	(274, 9, 'Pieds sur terre', 'Qu’a dit Papa en voyant son fils faire le poirier ? « Mon fils, il faut que tu remettes les pieds sur terre ! »', 'fr', 1, 0, '2025-08-17 16:40:01', '2025-08-17 16:40:01', 0.99, 'preview-fete-des-peres-preview-352f4770-6590-43bf-8329-fe618496b38d.png', 'view-fete-des-pere-view-8b076e75-ae95-43e7-a00b-cbb6f96bad70.png', 'Une petite leçon d’équilibre made in Papa.'),
	(275, 10, 'Plouf au café', 'Un mec rentre dans un café. Et plouf.', 'fr', 1, 0, '2025-08-18 17:07:34', '2025-08-18 17:07:34', 0.99, 'preview-apero-preview-e29709a0-00f4-4618-9142-a105a768d627.png', 'view-apero-view-5dea3d74-ecb1-42fb-8225-42740dd3836f.png', 'Un grand classique des histoires de comptoir.'),
	(276, 10, 'Bouchons', 'Désolé pour le retard, il y avait des bouchons.', 'fr', 1, 0, '2025-08-18 17:07:34', '2025-08-18 17:07:34', 0.99, 'preview-apero-preview-e29709a0-00f4-4618-9142-a105a768d627.png', 'view-apero-view-5dea3d74-ecb1-42fb-8225-42740dd3836f.png', 'L’excuse préférée des retardataires de l’apéro.'),
	(277, 10, 'Sous pression', 'Pourquoi les bières sont-elles toujours stressées ? Parce qu’elles ont la pression.', 'fr', 1, 0, '2025-08-18 17:07:34', '2025-08-18 17:07:34', 0.99, 'preview-apero-preview-e29709a0-00f4-4618-9142-a105a768d627.png', 'view-apero-view-5dea3d74-ecb1-42fb-8225-42740dd3836f.png', 'La vie anxiogène d’une blonde (bien tirée).'),
	(278, 10, 'Tabouret du saoulard', 'Quel est l’endroit préféré d’un mec saoul pour s’asseoir ? Un ta-bourré.', 'fr', 1, 0, '2025-08-18 17:07:34', '2025-08-18 17:07:34', 0.99, 'preview-apero-preview-e29709a0-00f4-4618-9142-a105a768d627.png', 'view-apero-view-5dea3d74-ecb1-42fb-8225-42740dd3836f.png', 'Un bon mot de comptoir que même ivre on peut comprendre.'),
	(279, 10, 'Bain de bière', 'Que dit une bière qui tombe dans l’eau ? « Je sais panaché. »', 'fr', 1, 0, '2025-08-18 17:07:34', '2025-08-18 17:07:34', 0.99, 'preview-apero-preview-e29709a0-00f4-4618-9142-a105a768d627.png', 'view-apero-view-5dea3d74-ecb1-42fb-8225-42740dd3836f.png', 'Une réponse mousseuse à une situation un peu diluée.'),
	(280, 10, 'Bière vs pisse', 'Quelle est la différence entre la bière et la pisse ? Environ un quart d’heure.', 'fr', 1, 0, '2025-08-18 17:07:34', '2025-08-18 17:07:34', 0.99, 'preview-apero-preview-e29709a0-00f4-4618-9142-a105a768d627.png', 'view-apero-view-5dea3d74-ecb1-42fb-8225-42740dd3836f.png', 'Une révélation temporelle un brin ragoûtante sur la boisson.'),
	(281, 10, 'Alcootest astuce', 'Pourquoi faut-il enlever ses lunettes avant un alcootest ? Ça fait deux verres en moins.', 'fr', 1, 0, '2025-08-18 17:07:34', '2025-08-18 17:07:34', 0.99, 'preview-apero-preview-e29709a0-00f4-4618-9142-a105a768d627.png', 'view-apero-view-5dea3d74-ecb1-42fb-8225-42740dd3836f.png', 'Le conseil (peu fiable) d’un habitué pour descendre sous la limite.'),
	(282, 10, 'Soûl-marin', 'Comment appelle-t-on un matelot bourré ? Un soûl-marin.', 'fr', 1, 0, '2025-08-18 17:07:34', '2025-08-18 17:07:34', 0.99, 'preview-apero-preview-e29709a0-00f4-4618-9142-a105a768d627.png', 'view-apero-view-5dea3d74-ecb1-42fb-8225-42740dd3836f.png', 'Une devinette qui a le pied marin (et un peu la tête qui tourne).'),
	(283, 10, 'Jamais à Outrance', 'Je ne bois jamais à outrance… Je ne sais même pas où c’est.', 'fr', 1, 0, '2025-08-18 17:07:34', '2025-08-18 17:07:34', 0.99, 'preview-apero-preview-e29709a0-00f4-4618-9142-a105a768d627.png', 'view-apero-view-5dea3d74-ecb1-42fb-8225-42740dd3836f.png', 'La géographie revisitée par un amateur de troisième mi-temps.'),
	(284, 10, 'Solution liquide', 'L’alcool ne résout pas les problèmes, mais l’eau non plus.', 'fr', 1, 0, '2025-08-18 17:07:34', '2025-08-18 17:07:34', 0.99, 'preview-apero-preview-e29709a0-00f4-4618-9142-a105a768d627.png', 'view-apero-view-5dea3d74-ecb1-42fb-8225-42740dd3836f.png', 'Un rappel que la sobriété n’est pas gage de miracle non plus.'),
	(285, 10, 'Où est Modération ?', 'On dit de boire avec modération, mais il ne vient jamais boire avec nous.', 'fr', 1, 0, '2025-08-18 17:07:34', '2025-08-18 17:07:34', 0.99, 'preview-apero-preview-e29709a0-00f4-4618-9142-a105a768d627.png', 'view-apero-view-5dea3d74-ecb1-42fb-8225-42740dd3836f.png', 'Le plus grand mystère des consignes de l’apéro.'),
	(286, 10, 'Pas de volant', 'Je ne prends jamais le volant quand je bois : j’ai trop peur d’en renverser.', 'fr', 1, 0, '2025-08-18 17:07:34', '2025-08-18 17:07:34', 0.99, 'preview-apero-preview-e29709a0-00f4-4618-9142-a105a768d627.png', 'view-apero-view-5dea3d74-ecb1-42fb-8225-42740dd3836f.png', 'Le raisonnement (de travers) d’un amateur de bonnes bouteilles.'),
	(287, 10, 'Boule de mousse', 'Une bière qui roule n’amasse pas mousse.', 'fr', 1, 0, '2025-08-18 17:07:34', '2025-08-18 17:07:34', 0.99, 'preview-apero-preview-e29709a0-00f4-4618-9142-a105a768d627.png', 'view-apero-view-5dea3d74-ecb1-42fb-8225-42740dd3836f.png', 'Un proverbe rebrassé à la sauce houblon.'),
	(288, 10, 'Ennemi intérieur', 'L’alcool est l’ennemi de l’homme. Fuir l’ennemi, c’est lâche !', 'fr', 1, 0, '2025-08-18 17:07:34', '2025-08-18 17:07:34', 0.99, 'preview-apero-preview-e29709a0-00f4-4618-9142-a105a768d627.png', 'view-apero-view-5dea3d74-ecb1-42fb-8225-42740dd3836f.png', 'L’excuse chevaleresque de ceux qui trinquent sans complexe.'),
	(289, 10, 'Comparaison flatteuse', 'Mieux vaut être saoul que con : ça dure moins longtemps.', 'fr', 1, 0, '2025-08-18 17:07:34', '2025-08-18 17:07:34', 0.99, 'preview-apero-preview-e29709a0-00f4-4618-9142-a105a768d627.png', 'view-apero-view-5dea3d74-ecb1-42fb-8225-42740dd3836f.png', 'Un compliment vache mais pas complètement faux (hélas).'),
	(290, 10, 'Définition de l’ivrogne', 'Un ivrogne, c’est quelqu’un qui boit autant que toi, mais que tu n’aimes pas.', 'fr', 1, 0, '2025-08-18 17:07:34', '2025-08-18 17:07:34', 0.99, 'preview-apero-preview-e29709a0-00f4-4618-9142-a105a768d627.png', 'view-apero-view-5dea3d74-ecb1-42fb-8225-42740dd3836f.png', 'Une définition qui vous fera regarder vos potes de comptoir d’un autre œil.'),
	(291, 10, 'Alcool conservateur', 'L’alcool conserve : tu meurs jeune mais tu es bien conservé.', 'fr', 1, 0, '2025-08-18 17:07:34', '2025-08-18 17:07:34', 0.99, 'preview-apero-preview-e29709a0-00f4-4618-9142-a105a768d627.png', 'view-apero-view-5dea3d74-ecb1-42fb-8225-42740dd3836f.png', 'Une philosophie grinçante pour relativiser les excès.'),
	(292, 10, 'Théorie du pastis', 'Le pastis, c’est comme les seins : un, c’est pas assez ; trois, c’est trop.', 'fr', 1, 0, '2025-08-18 17:07:34', '2025-08-18 17:07:34', 0.99, 'preview-apero-preview-e29709a0-00f4-4618-9142-a105a768d627.png', 'view-apero-view-5dea3d74-ecb1-42fb-8225-42740dd3836f.png', 'Une analogie culottée qui fait sourire (jaune).'),
	(293, 10, 'Eau douteuse', 'Je ne bois jamais d’eau : les poissons font l’amour dedans.', 'fr', 1, 0, '2025-08-18 17:07:34', '2025-08-18 17:07:34', 0.99, 'preview-apero-preview-e29709a0-00f4-4618-9142-a105a768d627.png', 'view-apero-view-5dea3d74-ecb1-42fb-8225-42740dd3836f.png', 'Une justification loufoque pour ne pas toucher à l’eau plate.'),
	(294, 10, 'Fête des fumeurs', 'Quelle est la date de la fête des fumeurs ? Le 1er joint.', 'fr', 1, 0, '2025-08-18 17:07:34', '2025-08-18 17:07:34', 0.99, 'preview-apero-preview-e29709a0-00f4-4618-9142-a105a768d627.png', 'view-apero-view-5dea3d74-ecb1-42fb-8225-42740dd3836f.png', 'Un calembour à allumer lors d’une soirée enfumée.');

-- Dumping data for table symfony.messenger_messages: ~0 rows (approximately)

-- Dumping data for table symfony.order: ~0 rows (approximately)

-- Dumping data for table symfony.user: ~1 rows (approximately)
INSERT INTO `user` (`id`, `email`, `roles`, `password`, `is_verified`, `address`, `created_at`, `updated_at`) VALUES
	(38, 'ozarmctz@proton.me', '["ROLE_ADMIN"]', '$2y$13$fftjw8ML9cQyl8MTmvZG2uLOCH2cs609.r0bHTrmqagTy9B4lcqIG', 1, NULL, '2025-08-23 12:59:08', '2025-08-23 12:59:19');

/*!40103 SET TIME_ZONE=IFNULL(@OLD_TIME_ZONE, 'system') */;
/*!40101 SET SQL_MODE=IFNULL(@OLD_SQL_MODE, '') */;
/*!40014 SET FOREIGN_KEY_CHECKS=IFNULL(@OLD_FOREIGN_KEY_CHECKS, 1) */;
/*!40101 SET CHARACTER_SET_CLIENT=@OLD_CHARACTER_SET_CLIENT */;
/*!40111 SET SQL_NOTES=IFNULL(@OLD_SQL_NOTES, 1) */;
